IdElection;Electedornot;IdNominated;nominated
1;1;30;cjcurrie
2;1;54;zoney
3;1;61;gerald_farinas
4;1;6;andrevan
5;1;38;arminius
6;0;8;lst27
7;1;33;chmod007
8;0;93;taoster
9;0;10;anárion
10;0;95;jor
11;1;130;proteus
12;0;144;pumpie
13;1;147;nichalp
14;0;151;pedanticallyspeaking
15;1;50;benc
16;0;153;edge
17;1;89;golbez
18;1;163;chuq
19;0;167;kloy1334
20;1;168;postdlf
21;1;127;mackensen
22;1;23;cryptoderk
23;0;175;poccil
24;1;154;rdsmith4
25;1;183;matt_crypto
26;0;214;sam_spade
27;1;216;aloan
28;1;219;fire_star
29;0;28;neutrality
30;1;250;jallan
31;1;252;slowking_man
32;1;257;gwalla
33;1;261;hawstom
34;1;271;ta_bu_shi_da_yu
35;0;273;skyler1534
36;1;274;cyborgtosser
37;1;132;rhobite
38;1;19;ffirehorse
39;1;286;cool_hand_luke
40;0;34;norm
41;0;299;lucky_6.9
42;0;300;scudlee
43;1;301;spencer195
44;1;3;ludraman
45;0;302;anthony
46;1;322;marine_69-71
47;1;80;swadair
48;0;94;netoholic
49;1;135;aranel
50;1;348;violetriga
51;0;349;p3d0
52;1;356;duncharris
53;1;358;lachatdelarue
54;0;359;philhibbs
55;1;339;dbachmann
56;1;258;cogden
57;1;363;ran
58;1;370;hyacinth
59;1;362;df08
60;1;373;joy_stovall
61;1;377;ortolan88
62;1;378;dankashet
63;1;379;derek_ross
64;0;243;eequor
65;0;389;indrian
66;1;390;wapcaplet
67;1;391;karada
68;0;392;frecklefoot
69;1;394;aris_katsaris
70;1;396;jeronimo
71;1;402;clockworktroll
72;0;415;yelyos
73;1;226;gamaliel
74;0;140;shaneking
75;0;419;takuyamurata
76;1;421;maury_markowitz
77;1;422;kf
78;1;427;cstar
79;0;428;lgagnon
80;1;431;zoicon5
81;1;433;timc
82;0;435;brg
83;1;341;dmn
84;1;232;jpgordon
85;1;178;macgyvermagic
86;0;8282;lucky_6.9_round
87;0;28;neutrality
88;0;192;plato
89;0;28;neutrality
90;0;8283;adamretchless
91;0;32;andyl
92;0;108;calmypal
93;0;8284;chocolateboy
94;0;477;chrisdjackson
95;0;8285;colipon
96;0;1092;falcon_kirtaran
97;0;8286;gareth_owen
98;0;105;itai
99;0;299;lucky_6.9
100;0;8;lst27
101;0;322;marine_69-71
102;0;49;markalexander100
103;0;506;misterrick
104;0;514;nikola_smolenski
105;0;515;plato.07
106;0;517;rei
107;0;524;rogper
108;0;8287;snowspinner
109;0;55;thecustomoflife
110;0;368;wheeler
111;1;538;dino
112;0;75;phil_sandifer
113;1;55;thecustomoflife
114;1;49;markalexander100
115;1;560;mustafaa
116;1;236;redwordsmith
117;1;440;woggly
118;0;282;fvw
119;1;566;malcolm_farmer
120;1;567;wernher
121;1;152;generalpatton
122;1;182;taxman
123;1;581;rfl
124;1;56;guanaco
125;1;564;ferkelparade
126;1;371;gadfium
127;1;584;jonmoore
128;1;586;pzfun
129;1;589;tkinias
130;0;587;edwinhj
131;1;590;solipsist
132;1;592;brockert
133;0;39;squash
134;1;151;pedanticallyspeaking
135;0;601;maurreen
136;1;604;allyunion
137;1;405;geni
138;1;280;duk
139;1;607;mackeriv
140;0;606;nathanlarson32767
141;1;609;premeditated_chaos
142;0;611;anárion2
143;1;613;urhixidur
144;0;616;dcedwards1966
145;1;617;tim_ivorson
146;0;619;chan_han_xiang
147;0;622;pyrop
148;0;175;poccil
149;1;624;rholton
150;1;627;sortior
151;1;628;edward
152;1;631;waltpohl
153;1;224;brokensegue
154;1;282;fvw
155;0;150;pedant
156;0;645;imaglang
157;1;650;dbiv
158;1;656;vague_rant
159;1;657;gabbe
160;1;255;jni
161;0;659;abcd
162;1;658;alteripse
163;1;664;curps
164;1;667;piotrus
165;1;668;omegatron
166;0;670;dinopup
167;1;673;inter
168;1;675;icairns
169;0;677;henrygb
170;1;681;rich_farmbrough
171;1;684;refdoc
172;1;636;dbenbenn
173;0;687;doidimais_brasil
174;1;310;grutness
175;1;306;rje
176;0;694;eventhorizon
177;1;325;improv
178;0;406;bart133
179;1;319;utcursch
180;1;700;timrollpickering
181;0;432;darwinek
182;0;714;scott_gall
183;1;715;brian0918
184;1;719;vaoverland
185;1;725;cdc
186;1;739;tony_sidaway
187;0;741;haham_hanuka
188;0;246;wereon
189;1;743;josh_grosse
190;1;746;knowledge_seeker
191;1;748;cacycle
192;1;750;mark_dingemanse
193;0;756;guanaco2
194;0;587;edwinhj
195;1;760;pharos
196;0;761;luigi30
197;0;765;sjorford
198;1;706;carbonite
199;1;600;slimvirgin
200;1;549;bumm13
201;0;659;abcd
202;0;778;justphil
203;1;779;scott_burley
204;0;407;alkivar
205;0;793;one_salient_oversight
206;1;723;slambo
207;1;798;mailer_diablo
208;1;673;inter
209;1;802;sesel
210;1;659;abcd
211;1;749;banyantree
212;1;806;rlquall
213;0;8;lst27
214;1;817;mel_etitis
215;1;822;sundar
216;1;677;henrygb
217;1;36;antandrus
218;0;826;jip
219;0;829;chamaeleon
220;1;429;gdr
221;1;839;jinian
222;1;837;wwoods
223;1;844;petaholmes
224;1;838;biekko
225;0;857;uncle_g
226;1;308;mindspillage
227;1;637;xezbeth
228;1;864;ellsworth
229;0;866;peter_ellis
230;1;488;burgundavia
231;1;868;wilfried_derksen
232;0;618;korath
233;1;674;phils
234;0;875;samuraiclinton
235;1;878;smoddy
236;1;881;furrykef
237;0;810;gkhan
238;1;882;khaosworks
239;1;730;trilobite
240;0;741;haham_hanuka
241;1;885;lommer
242;1;643;shanes
243;1;863;cburnett
244;1;893;el_c
245;1;895;worldtraveller
246;0;317;zzyzx11
247;0;897;minghong
248;1;228;evercat
249;0;849;pavel_vozenilek
250;0;904;freestylefrappe
251;0;906;bugzpal
252;1;733;rama
253;1;439;jrm
254;1;86;bishonen
255;0;929;poiuytman
256;0;930;chanting_fox
257;0;903;impalerbugz
258;1;932;ausir
259;0;934;spottedowl
260;1;936;clarkk
261;0;938;marsch
262;0;682;apollomelos
263;0;942;vikreykja
264;1;945;arcadian
265;1;271;ta_bu_shi_da_yu
266;1;918;wiglaf
267;0;8288;wonderfool
268;1;955;oven_fresh
269;1;958;evil_monkey
270;1;313;freplyspang
271;1;29;ugen64
272;0;966;bobblewik
273;1;972;paul_august
274;1;977;seabhcan
275;0;979;kils
276;1;981;cesarb
277;0;937;harro5
278;0;983;bluejean
279;1;704;thryduulf
280;1;795;jyolkowski
281;1;989;hedley
282;0;705;howabout1
283;1;991;mulad
284;1;794;fawcett5
285;1;995;ingoolemo
286;1;820;pjacobi
287;1;789;radiant!
288;1;1007;eugene_van_der_pijll
289;1;304;linuxbeak
290;1;317;zzyzx11
291;1;447;zocky
292;0;1014;kappa
293;0;565;browardplaya
294;0;1020;afc
295;1;1026;kelly_martin
296;1;1023;jeremya
297;0;1030;darrien
298;0;823;weyes
299;1;311;sjakkalle
300;1;742;kbdank71
301;0;8289;b-101
302;1;1039;grm_wnr
303;1;1038;schissel
304;1;769;guettarda
305;0;1053;weyes2
306;0;1092;falcon_kirtaran
307;1;784;grue
308;0;1061;deltabeignet
309;1;321;theoclarke
310;1;697;tenofalltrades
311;0;243;eequor
312;1;1044;jojan
313;1;686;sn0wflake
314;0;1077;lir
315;1;271;ta_bu_shi_da_yu
316;1;626;willmcw
317;0;1080;brandonyusuftoropov
318;1;1114;y0u
319;0;1432;furiousfreddy
320;1;956;fcytravis
321;0;1123;weyes2a
322;1;696;r3m0t
323;1;707;bratsche
324;1;1128;allen3
325;1;1131;seth_ilys
326;1;338;mzajac
327;0;324;susvolans
328;0;171;denelson83
329;0;989;hedley
330;1;994;spangineer
331;0;1140;maltesedog
332;1;1141;craigy144
333;1;1043;vsmith
334;1;1125;woohookitty
335;1;663;starblind
336;0;407;alkivar
337;1;1152;feco
338;0;937;harro5
339;0;1154;mb1000
340;1;1156;talrias
341;0;930;chanting_fox
342;1;857;uncle_g
343;0;1186;william_m._connolley
344;1;1190;jredmond
345;1;1144;triddle
346;0;1035;thorpe
347;0;1191;nightscream
348;0;1192;drzoidberg
349;1;1196;moriori
350;1;1006;bluemoose
351;1;941;essjay
352;1;1218;hashar
353;1;1220;gregrobson
354;1;1222;master_thief_garrett
355;1;922;redwolf24
356;0;1240;psufan2007
357;1;1201;who
358;1;805;dmcdevit
359;0;1160;stevey7788
360;0;705;howabout1
361;0;171;denelson83
362;1;1062;sango123
363;0;1261;purplefeltangel
364;1;982;jamesteterenko
365;1;1241;sasquatch
366;0;1266;musachachado
367;1;1259;redux
368;0;1270;agent003
369;1;943;canderson7
370;0;1277;thomask
371;1;1221;thunderbrand
372;1;1282;madchester
373;0;705;howabout1
374;1;1286;longhair
375;0;1287;litefantastic
376;0;4365;agentsoo
377;1;985;humblefool
378;1;545;kmccoy
379;0;978;jtkiefer
380;0;791;squeakbox
381;0;1300;tirin
382;1;334;jondel
383;1;644;marksweep
384;1;1296;ragib
385;1;647;dan100
386;0;1321;zxcvbnm
387;1;710;flcelloguy
388;0;1029;boothy443
389;1;299;lucky_6.9
390;1;803;kaldari
391;1;1330;malathion
392;1;35;func
393;1;999;baronlarf
394;1;1193;zscout370
395;1;853;lacrimosus
396;1;227;alistairmcmillan
397;1;259;feloniousmonk
398;0;1260;rainbowwarrior1977
399;1;1075;briangotts
400;1;432;darwinek
401;0;3755;white_cat
402;1;1372;changlc
403;1;1375;rhaworth
404;1;1382;ngb
405;0;959;tznkai
406;1;1389;jitse_niesen
407;1;1394;k1bond007
408;1;762;carnildo
409;1;1396;dragons_flight
410;1;1402;fernando_rizo
411;1;1412;ground_zero
412;1;1413;rick_block
413;0;810;gkhan
414;1;1127;happycamper
415;1;1418;phil_boswell
416;1;1420;lupin
417;1;1425;hall_monitor
418;1;1203;thecoffee
419;0;1428;journalist
420;0;1435;bancroftian
421;0;963;rl
422;0;1437;moe_epsilon
423;0;1232;davetunney
424;0;1326;nsr
425;1;978;jtkiefer
426;1;1446;marianocecowski
427;1;1439;nufy8
428;0;1319;celestianpower
429;0;1453;sam_vimes
430;1;1464;sam_hocevar
431;1;1465;danielcd
432;1;1468;jessew
433;0;717;casito
434;1;971;scimitar
435;1;907;asbestos
436;0;1472;imdaking
437;1;1476;beland
438;0;1478;wikifan04
439;1;1484;phroziac
440;0;1485;ben_arnold
441;0;1486;albertr
442;0;1297;robchurch
443;1;1490;ulayiti
444;0;1321;zxcvbnm
445;1;1022;joolz
446;1;1167;splash
447;1;826;jip
448;1;1506;angr
449;1;1055;ral315
450;1;1507;cedar-guardian
451;0;761;luigi30
452;1;1377;nickptar
453;1;1513;the_singing_badger
454;0;1514;acetic_acid
455;0;1441;jobe6
456;1;1518;rx_strangelove
457;1;1032;lectonar
458;1;871;android79
459;1;1524;nv8200p
460;1;960;katefan0
461;1;1531;dave_souza
462;0;1532;rfc1394
463;0;1533;salvag
464;1;1538;drini
465;0;771;zappaz
466;1;1497;nandesuka
467;1;1556;trevor_macinnis
468;0;1557;admiral_roo
469;0;1563;leonard_g.
470;1;1234;bmicomp
471;1;813;bhadani
472;0;1277;thomask
473;0;1569;gordonwatts
474;1;1573;r._fiend
475;1;1537;ixfd64
476;0;8288;wonderfool
477;1;1580;doc_glasgow
478;0;1581;mrmattkatt
479;0;314;coburnpharr04
480;1;1587;icekarma
481;1;948;brookie
482;1;1593;oleg_alexandrov
483;1;1595;bovlb
484;0;1597;v._molotov
485;0;1154;mb1000
486;0;1600;bob_rulz
487;1;1603;desiegel
488;0;1510;ruairidi
489;1;691;royboy
490;1;861;robertg
491;1;1604;jdavidb
492;1;1201;who
493;0;1608;rogerd
494;0;1596;tdxiang
495;0;1612;kmweber
496;1;1236;jaxl
497;1;928;marudubshinki
498;1;1618;a_man_in_black
499;1;1428;journalist
500;0;1441;jobe6
501;1;1525;shauri
502;1;1629;gyrofrog
503;1;1253;durin
504;0;1633;lord_voldemort
505;0;797;instantnood
506;0;1636;empty2005
507;1;1638;kwamikagami
508;0;1014;kappa
509;1;1489;owenx
510;1;1248;nicholasturnbull
511;0;1648;deryck_chan
512;1;1649;nabla
513;1;887;23skidoo
514;1;1652;graft
515;1;1654;brian_kendig
516;1;1520;mairi
517;0;1657;quale
518;1;1661;dragonflysixtyseven
519;1;1662;roysmith
520;0;1564;adam1213
521;1;579;fastfission
522;1;1471;friday
523;1;1669;lordameth
524;1;913;billyh
525;1;1672;rjfjr
526;1;1279;rn
527;1;1211;karmafist
528;0;1679;a_link_to_the_past
529;0;1680;wikiwoohoo
530;1;1442;sebastiankessel
531;1;1641;brighterorange
532;1;1501;evilphoenix
533;1;1689;rd232
534;1;1692;justinc
535;1;171;denelson83
536;1;1610;robywayne
537;1;1168;wikibofh
538;0;1701;jossi
539;0;1357;encephalon
540;0;230;scottyboy900q
541;0;1549;jaranda
542;1;1319;celestianpower
543;0;1718;Ævar_arnfjörð_bjarmason
544;1;1619;qaz
545;1;575;nickshanks
546;1;1297;robchurch
547;1;1726;cyberjunkie
548;0;1716;monkbel
549;1;1124;wikiacc
550;1;1732;wayward
551;1;298;tregoweth
552;1;1322;hermione1980
553;0;1199;nickbush24
554;1;1746;jcw69
555;1;1747;kzollman
556;1;904;freestylefrappe
557;1;1752;thames
558;1;1758;sfoskett
559;1;559;garzo
560;0;1687;appleboy
561;0;1564;adam1213
562;0;506;misterrick
563;1;1487;cambridgebayweather
564;1;1768;voice_of_all(mtg)
565;0;1770;mtmdem
566;0;1771;comics
567;1;1555;gregasche
568;0;290;alphax
569;1;1774;the_wub
570;1;1496;titoxd
571;0;1777;cool3
572;0;1780;e._brown
573;1;1000;johntex
574;1;1103;grenavitar
575;0;64;beau99
576;0;1787;the_land
577;1;1788;edcolins
578;0;1783;shanel
579;1;1791;tomf688
580;0;1793;private_butcher
581;1;1798;reflex_reaction
582;1;1628;dvyost
583;1;1802;kirill_lokshin
584;1;1811;alabamaboy
585;0;1261;purplefeltangel
586;0;3755;white_cat
587;0;1819;einsteinmc2
588;1;1514;acetic_acid
589;0;1842;anonymous_editor
590;0;1805;chowells
591;0;1849;bushytails
592;0;1859;tony1
593;0;1864;stevertigo1
594;0;1411;spinboy
595;0;1717;haukurth
596;0;1833;zereshk
597;0;1861;stevertigo
598;1;1880;jeffrey_o._gustafson
599;0;1757;tedernst
600;1;935;scottdavis
601;0;1884;cognition
602;1;1893;firefox
603;1;1534;egil
604;1;1034;shimgray
605;1;763;alai
606;0;285;cookiecaper
607;0;1836;babajobu
608;1;1901;necrothesp
609;0;1585;markgallagher
610;1;1903;commander_keane
611;1;1908;pamri
612;1;1658;physchim62
613;0;1920;shaddack
614;1;1230;mysekurity
615;1;372;drbob
616;1;1855;ramallite
617;0;1857;wackymacs
618;1;407;alkivar
619;1;1165;philwelch
620;0;204;silsor
621;0;1950;goeagles4321
622;1;1953;mc_masterchef
623;0;8290;aranda56
624;0;1955;chooserr
625;0;1956;aaron_brenneman
626;1;1963;prueda29
627;1;1966;capitalistroadster
628;1;1164;cryptic
629;1;1969;psy_guy
630;1;1858;briansmithson
631;0;1970;just_zis_guy
632;0;1971;jms625
633;1;1973;johann_wolfgang
634;1;1927;goodoldpolonius2
635;1;1284;ianblair23
636;1;1979;sherool
637;1;1816;nlu
638;1;1983;the_tom
639;0;1984;phdrillsergeant
640;1;1987;cleared_as_filed
641;1;1622;joanneb
642;1;1151;mongo
643;0;56;guanaco
644;0;1680;wikiwoohoo
645;1;1482;graemel
646;1;2004;jareth
647;1;415;yelyos
648;0;2007;kuatofkdy
649;0;665;halibutt
650;1;1697;jkelly
651;1;1200;hiding
652;0;2055;niz
653;1;1550;miborovsky
654;0;2060;sherurcij
655;1;908;demi
656;1;1585;markgallagher
657;1;2066;sean_black
658;1;937;harro5
659;0;2069;eddiesegoura
660;1;2073;horsepunchkid
661;0;2069;eddiesegoura
662;0;2076;ilmari_karonen
663;1;1991;mushroom
664;1;2079;snottygobble
665;1;1707;enochlau
666;0;2083;garykirk
667;1;2095;ronline
668;1;1730;bunchofgrapes
669;1;2097;theparanoidone
670;0;2101;?????_?._???????
671;1;1137;shreshth91
672;1;2106;hamster_sandwich
673;1;2109;sczenz
674;1;1407;mindmatrix
675;0;2112;aytakin
676;1;1965;cnwb
677;0;2114;staxringold
678;1;2119;kbh3rd
679;0;2121;cjs102793
680;0;1492;wiki_alf
681;1;1566;gurubrahma
682;1;993;bd2412
683;1;2137;andrew_norman
684;1;1285;thebainer
685;0;285;cookiecaper
686;1;2151;wikifanatic
687;0;1757;tedernst
688;1;2157;extreme_unction
689;0;8290;aranda56
690;1;761;luigi30
691;1;2165;awolf002
692;1;2168;scehardt
693;1;1772;nsle
694;0;2174;eskog
695;0;2163;yhoshua
696;0;873;firebug
697;1;2178;pathoschild
698;1;2181;jwschmidt
699;0;2185;winona_gone_shopping
700;1;1111;tshilo12
701;0;2195;canaen
702;1;2085;orioane
703;1;2202;lbmixpro
704;1;975;brendanconway
705;0;2205;whatwouldemperornortondo
706;0;2206;megaman_zero
707;1;836;solando
708;1;1787;the_land
709;1;2211;evanprodromou
710;0;1521;banes
711;1;1985;syrthiss
712;1;1714;clw
713;1;1444;pablo-flores
714;0;2092;dpotop
715;1;1583;alhutch
716;1;1613;rschen7754
717;1;2128;freakofnurture
718;0;2234;crnagora
719;1;1783;shanel
720;1;2091;bogdangiusca
721;1;2241;adashiel
722;1;764;mo0
723;0;1992;peruvianllama
724;0;1140;maltesedog
725;1;1848;leithp
726;0;2242;activision45
727;0;2244;anclation
728;0;2210;simetrical
729;1;1378;ianbrown
730;0;2247;80-man
731;1;1749;borghunter
732;1;2071;malo
733;1;2253;joe_beaudoin_jr.
734;1;946;deathphoenix
735;1;2246;gtbacchus
736;1;1061;deltabeignet
737;0;8291;swd316
738;1;1353;pinchasc
739;1;587;edwinhj
740;1;2273;croat_canuck
741;1;2145;w.marsh
742;0;2276;^demon
743;0;8291;swd316
744;0;1664;thivierr
745;0;2277;firefoxman
746;0;2281;bkwillwm
747;1;1542;fayssalf
748;1;1997;izehar
749;0;2290;radiokirk
750;1;1977;jnothman
751;1;1888;howcheng
752;1;1390;jacoplane
753;0;2305;andman8
754;0;2307;9cds
755;0;2285;paxequilibrium
756;0;2322;soothingr
757;1;1243;david_levy
758;1;1565;borgqueen
759;0;1678;thelb4
760;1;2329;ancheta_wis
761;1;2333;samuelwantman
762;0;2339;walter
763;1;2341;mike_rosoft
764;1;2345;nixdorf
765;0;2348;richard_arthur_norton_(1958-_)
766;1;2350;ricky81682
767;1;1031;natalinasmpf
768;1;947;inshaneee
769;1;1621;knowledgeofself
770;0;2362;ari89
771;1;1035;thorpe
772;1;1097;noseptember
773;1;1964;punkmorten
774;1;2062;nightstallion
775;1;1547;timpope
776;0;1297;robchurch
777;1;2385;tom_harrison
778;0;2386;flarn2005
779;1;2193;francistyers
780;0;2397;locke_cole
781;1;2400;idont_havaname
782;0;1323;ed_poor
783;1;959;tznkai
784;1;1842;anonymous_editor
785;1;1836;babajobu
786;1;722;jonathunder
787;0;2409;hollow_wilerding
788;1;1492;wiki_alf
789;1;1700;pgk
790;1;332;sarge_baldy
791;0;2420;ali_786
792;0;2378;bourbons3
793;0;2422;parys
794;0;744;jasenlee
795;0;2423;slashme
796;0;2425;rgulerdem
797;0;2426;nickcatal
798;1;859;wgfinley
799;0;8290;aranda56
800;1;2435;mathwiz2020
801;0;2470;alex_bakharev
802;1;2475;wouterstomp
803;1;2479;banno
804;1;1608;rogerd
805;0;2484;cjmarsicano
806;1;2240;sceptre
807;1;2332;admrboltz
808;0;2490;luckyluke
809;0;2182;juro
810;0;2499;the_wookieepedian
811;0;2501;xerocs
812;1;1835;killerchihuahua
813;1;1250;husnock
814;1;1018;aecis
815;0;2517;trysha
816;1;1186;william_m._connolley
817;1;2504;jzg
818;1;1956;aaron_brenneman
819;1;2570;dsmdgold
820;0;2571;drdisque
821;1;968;fropuff
822;0;2575;crotalus_horridus
823;1;2579;ambush_commander
824;0;1012;anglius
825;0;2580;lotsofissues
826;1;2587;yamla
827;0;1918;ian13
828;0;2589;svera1ny
829;0;2591;dueyfinster
830;1;2117;interiot
831;0;2256;naconkantari
832;1;2604;eurekalott
833;0;2625;can't_sleep
834;1;1717;haukurth
835;0;2233;chazz88
836;0;2607;brusselsshrek
837;0;2629;bg
838;0;2593;smurrayinchester
839;0;2643;lulu_of_the_lotus-eaters
840;0;2645;bugs5382
841;1;1847;chairboy
842;0;2365;peter
843;0;2650;samuelsen
844;0;2652;sunfazer
845;1;2665;rexnl
846;0;2619;ohnoitsjamie
847;0;2638;jayanthv86
848;1;2669;vegaswikian
849;0;2670;dmlandfair
850;0;2294;urthogie
851;1;1992;peruvianllama
852;0;2678;babybeluga
853;0;2679;sosleepy
854;1;2076;ilmari_karonen
855;0;2366;jamyskis
856;1;2685;ashibaka
857;0;2708;dangherous
858;1;350;steinsky
859;0;1564;adam1213
860;1;1384;lethe
861;0;2720;keldan
862;1;1049;mpf
863;1;1521;banes
864;0;3755;white_cat
865;0;1374;neil
866;0;2736;astanhope
867;0;1154;mb1000
868;0;2618;benon
869;1;1637;ish_ishwar
870;0;2751;dynamic
871;0;2754;matt_yeager
872;0;8291;swd316
873;1;1653;superm401
874;0;2763;r.d.h._(ghost_in_the_machine)
875;1;1646;cantthinkofagoodname
876;0;2770;ec5618
877;1;1592;joke137
878;0;2777;gene_poole
879;0;2781;kku
880;0;2785;matthewund
881;0;2787;femto
882;1;2410;bbatsell
883;1;2794;quarl
884;0;2797;4836.03
885;0;2798;piedras_grandes
886;0;2672;bling-chav
887;0;2411;computerjoe
888;0;2340;yeltensic42.618
889;0;2801;genisock2
890;1;2805;josiah_rowe
891;1;56;guanaco
892;0;8290;aranda56
893;1;2809;fred_chessplayer
894;0;2811;stuffofinterest
895;1;2814;water_bottle
896;1;2102;canadiancaesar
897;0;2818;mrbowtie
898;0;2821;the_fish
899;1;2768;essexmutant
900;1;403;elf-friend
901;0;2825;brainhell
902;1;765;sjorford
903;1;2828;chick_bowen
904;0;2799;xchrisblackx
905;1;2120;xaosflux
906;1;2834;texasandroid
907;0;8292;megamanzero
908;1;1419;ukpaolo
909;1;2322;soothingr
910;0;2133;terenceong1992
911;0;2843;wb
912;0;2844;tmalmjursson
913;1;1723;martyman
914;0;2838;d-day
915;0;2647;tvaughn05
916;1;2264;aude
917;0;214;sam_spade
918;0;2877;djr_xi
919;0;2880;rogerthat
920;1;2470;alex_bakharev
921;0;2501;xerocs
922;1;2174;eskog
923;0;2902;saint-paddy
924;0;2053;som
925;1;2599;cohesion
926;0;2910;andy5190
927;0;741;haham_hanuka
928;0;2416;ki
929;1;1705;raven4x4x
930;0;2918;drumguy8800
931;1;2922;paolo_liberatore
932;1;2375;bobet
933;0;2926;cooksey
934;0;2928;helohe
935;0;2877;djr_xi
936;1;1808;dakotakahn
937;1;425;rspeer
938;0;1211;karmafist
939;0;2946;brossow
940;0;2646;zsinj
941;1;2547;kingboyk
942;1;2955;ayarktos
943;0;2956;m_johnson
944;1;1918;ian13
945;1;2963;r.koot
946;1;2966;bobo192
947;1;2972;(aeropagitica)
948;0;2977;christopherlin
949;0;2979;emt147
950;1;2560;stifle
951;0;1596;tdxiang
952;0;1315;idleguy
953;0;2990;minan
954;0;2993;infinity0
955;0;2996;ductoman16
956;1;2323;cyde
957;0;188;nightdragon
958;1;2815;obli
959;1;2999;jdoorjam
960;1;2707;deckiller
961;0;3023;llamadog903
962;0;2651;tawker
963;1;2968;meegs
964;1;1291;flowerparty
965;0;2721;akghetto
966;1;3029;vary
967;1;2912;prohibitonions
968;1;2256;naconkantari
969;0;3050;martial_law
970;0;3056;steveo2
971;0;1357;encephalon
972;1;3033;cactus.man
973;1;2617;myleslong
974;0;290;alphax
975;0;3068;contagioustruth
976;0;2991;aarons
977;1;2251;gflores
978;0;2411;computerjoe
979;0;3080;dchiuch
980;0;3082;ricardo_lagos
981;1;2593;smurrayinchester
982;1;3034;ligulem
983;0;3099;larsinio
984;0;2072;encyclopedist
985;0;3104;chaz365
986;0;3105;weyes3
987;1;1357;encephalon
988;1;1734;redvers
989;1;1754;rune.welsh
990;0;3117;terence_ong
991;1;2830;samuel_blanning
992;0;3130;can't_sleep
993;1;3136;musical_linguist
994;0;3138;felinefanatic13
995;0;3140;oscarthecat
996;0;8293;holyromanemperor
997;0;2900;pegasus1138
998;0;3145;jared
999;1;2697;pepsidrinka
1000;1;3150;makemi
1001;0;2724;schzmo
1002;1;1781;scm83x
1003;0;3155;benon2
1004;1;1416;laurascudder
1005;0;3089;azatoth
1006;0;3164;robert_mcclenon
1007;0;1549;jaranda
1008;1;2550;dustimagic
1009;0;762;carnildo
1010;0;3171;wikipeedio
1011;1;2371;dagizza
1012;1;1792;turnstep
1013;0;2654;joturner
1014;0;3126;zanaq
1015;0;1837;deeptrivia
1016;0;3193;information_center
1017;0;3195;forkattack
1018;1;2856;heretohelp
1019;0;3201;scienceman123
1020;0;2662;tv316
1021;0;3205;swiftoak
1022;0;1437;moe_epsilon
1023;0;2237;khoikhoi
1024;1;1267;gryffindor
1025;0;3235;bormalagurski
1026;0;3237;keeleysam
1027;1;2225;cbdunkerson
1028;1;1814;prodego
1029;1;856;tigershark
1030;0;3243;maltesedog3
1031;0;3245;va_girl2468
1032;1;633;hoary
1033;1;3251;circeus
1034;1;3253;proto
1035;1;2713;kungfuadam
1036;0;3255;stevage
1037;0;3256;ac1983fan
1038;1;2135;kusma
1039;1;2116;mdd4696
1040;0;3258;tyrenius
1041;1;1393;mark83
1042;1;3265;fang_aili
1043;0;3266;mushrambo
1044;1;2951;heah
1045;1;2625;can't_sleep
1046;1;2231;ps2pcgamer
1047;0;3285;slicky
1048;1;3020;jedi6
1049;0;1679;a_link_to_the_past
1050;1;3307;petros471
1051;1;2474;pschemp
1052;1;2651;tawker
1053;1;2700;royboycrashfan
1054;0;3319;the_republican
1055;0;3320;folajimi
1056;1;2325;dijxtra
1057;0;3324;acebrock
1058;1;2356;kilo-lima
1059;0;2426;nickcatal
1060;0;2754;matt_yeager
1061;1;3030;master_jay
1062;0;2416;ki
1063;1;3338;kaisershatner
1064;1;2594;lightdarkness
1065;1;3021;pagrashtak
1066;1;3351;no_guru
1067;0;2565;siva1979
1068;0;3348;rgtraynor
1069;0;3363;laurenceandrews
1070;0;4014;dbertman
1071;1;3371;rockero
1072;0;2746;where
1073;0;3376;general_eisenhower
1074;1;2297;lar
1075;1;1633;lord_voldemort
1076;0;3018;ctswyneken
1077;0;3036;jonathan235
1078;1;3408;humus_sapiens
1079;0;3409;weirdy
1080;0;3410;robert_moore
1081;0;285;cookiecaper
1082;0;8293;holyromanemperor
1083;0;3429;saltywater
1084;1;2338;rasputinaxp
1085;1;3435;ezeu
1086;0;2576;swatjester
1087;0;3446;kku2
1088;1;3464;david_kernow
1089;0;3465;aleenf1
1090;1;3473;the_jps
1091;0;2900;pegasus1138
1092;0;2790;rory096
1093;0;2687;funnybunny
1094;0;1984;phdrillsergeant
1095;0;3486;milkmiruku
1096;1;3489;keenan_pepper
1097;0;8293;holyromanemperor
1098;1;2623;deskana
1099;0;3506;emt1472
1100;1;2542;flonight
1101;0;3439;mets501
1102;0;3516;master_of_puppets
1103;1;2819;andyz
1104;0;2398;werdna
1105;1;3529;tijuana_brass
1106;1;204;silsor
1107;1;1571;snoutwood
1108;1;2290;radiokirk
1109;0;2918;drumguy8800
1110;0;2918;drumguy8800
1111;1;2016;saravask
1112;0;3538;lcarsdata
1113;1;2660;joshuaz
1114;0;3547;joan53
1115;0;3548;foxearth
1116;0;3549;naan_kadavul
1117;0;417;amgine
1118;1;3009;metamagician3000
1119;0;3556;bottesini
1120;0;2799;xchrisblackx
1121;1;2667;nihonjoe
1122;0;2653;srikeit
1123;0;2252;getcrunk
1124;0;3580;benon3
1125;1;2597;sue_anne
1126;1;3587;brownhairedgirl
1127;0;3276;highwaycello
1128;0;3591;absolutdan
1129;1;2209;whouk
1130;0;3592;timothy_usher
1131;0;554;zora
1132;0;3173;sukh
1133;1;1166;xoloz
1134;1;974;bastique
1135;0;2206;megaman_zero
1136;0;3609;unixer
1137;1;2674;deiz
1138;0;3616;aido2002
1139;0;2144;messedrocker
1140;0;3617;carbine
1141;1;3148;joelr31
1142;0;1157;rmrfstar
1143;0;3623;liberal_2006
1144;1;2973;king_of_hearts
1145;0;3520;zpb52
1146;0;3629;gangsta-easter-bunny
1147;1;3650;kimchi.sg
1148;0;3537;rama's_arrow
1149;1;2324;kjkolb
1150;1;2693;bucketsofg
1151;1;3352;crzrussian
1152;0;3669;cicero_dog
1153;0;3670;schzmo2
1154;0;3671;rabbott
1155;0;3567;m1ss1ontomars2k4
1156;1;2510;ews23
1157;1;2747;buchanan-hermit
1158;1;3680;philip_baird_shearer
1159;0;3681;corbinsimpson
1160;0;2654;joturner
1161;0;3701;antaeus_feldspar
1162;0;1744;dewet
1163;0;3708;admincopper
1164;0;1990;cowman109
1165;0;3109;hurricanehink
1166;1;3114;kcordina
1167;0;3713;olaf_stephanos
1168;1;3010;tone
1169;1;3005;bookofjude
1170;0;1297;robchurch
1171;0;3737;grevenko_sereth
1172;0;1100;kevin_baas
1173;1;2257;conscious
1174;0;3745;shootjar
1175;1;2485;blnguyen
1176;1;2657;amidaniel
1177;0;2411;computerjoe
1178;0;3769;willc
1179;0;3772;piemanmoo
1180;0;3776;jesus_on_wheels
1181;0;3646;cchan199206
1182;1;3480;kimvdlinde
1183;0;3785;geo.plrd
1184;0;1777;cool3
1185;0;2974;axiomm
1186;1;2727;natalya
1187;0;3301;brendenhull
1188;0;3797;sganeshkumar_1989
1189;1;3028;gwernol
1190;0;1915;h
1191;0;3803;mjcdetroit
1192;0;3804;wcitymike
1193;1;3807;wwwwolf
1194;0;3809;caldorwards4
1195;0;3811;eternal_equinox
1196;0;3816;james_anatidae
1197;1;2686;richardcavell
1198;0;3200;osbus
1199;0;3822;griffjam
1200;0;3541;digitalme
1201;0;3825;jesterjester
1202;0;2900;pegasus1138
1203;0;1935;ynhockey
1204;1;2114;staxringold
1205;0;2923;iloveplankton
1206;1;3847;ben_w_bell
1207;0;3849;relentlessrecusant
1208;0;2565;siva1979
1209;1;3404;kukini
1210;0;3856;lavakille
1211;0;741;haham_hanuka
1212;1;3059;ganeshk
1213;0;3867;peteg913
1214;0;3871;todorbozhinov
1215;1;3084;gurch
1216;0;3875;flameviper12
1217;0;3117;terence_ong
1218;0;3880;amynewyork4248
1219;1;3026;samir_(the_scope)
1220;1;1706;fir0002
1221;0;3555;thetruthbelow
1222;0;3483;evadb
1223;0;3887;fritz_saalfeld
1224;1;3892;silence
1225;0;3888;jflash
1226;0;3893;kc9cqj
1227;0;3576;underneath-it-all
1228;0;2307;9cds
1229;0;2516;kafziel
1230;1;3903;dvd_r_w
1231;1;2544;ianmanka
1232;1;3007;cuivienen
1233;0;3908;zhudyzhu
1234;0;465;moink
1235;0;3914;slyder_pilot
1236;1;2585;pilotguy
1237;0;3921;puckmv
1238;0;3922;danielrocks123
1239;1;1453;sam_vimes
1240;0;3926;dljessup
1241;1;2508;herostratus
1242;0;3933;sean_gorter
1243;1;3937;mtz206
1244;0;3939;aaron_teh_tennisman
1245;0;3942;jake0geek
1246;0;608;ft2
1247;0;3946;agateller
1248;0;2838;d-day
1249;0;778;justphil
1250;0;827;doktorbuk
1251;1;3024;tangotango
1252;1;2619;ohnoitsjamie
1253;0;3812;winhunter
1254;1;3260;joshbuddy
1255;0;3967;alan_liefting
1256;1;3970;extraordinary_machine
1257;0;3971;poetlister
1258;0;3973;tuspm
1259;0;3974;rock's_rock
1260;0;3180;fetofs
1261;1;3800;theproject
1262;0;3980;the_thadman
1263;0;2535;badlydrawnjeff
1264;1;1549;jaranda
1265;1;2746;where
1266;0;2252;getcrunk
1267;0;2129;bornhj
1268;1;2595;avraham
1269;0;3999;amk152
1270;1;2655;mangojuice
1271;0;4011;mr._lefty
1272;0;2328;phaedriel
1273;0;4012;i-2-d2
1274;0;4014;dbertman
1275;0;2210;simetrical
1276;0;4021;benon4
1277;0;4024;trampikey
1278;0;8293;holyromanemperor
1279;0;4030;geomapboy2
1280;0;4031;conrad_devonshire
1281;1;3258;tyrenius
1282;0;3320;folajimi
1283;0;3843;cholmes75
1284;0;3717;alfakim
1285;0;3313;hexagon1
1286;1;4043;jlatondre
1287;0;4047;invisible_robot_fish
1288;0;4049;salman01
1289;0;4051;preslethe
1290;1;2384;aldux
1291;1;2506;samsara
1292;0;4058;schzmo3
1293;1;3562;kylu
1294;0;3720;mboverload
1295;0;8294;werdna648
1296;0;4086;addatron
1297;0;4088;mipadi
1298;1;1307;christopher_sundita
1299;1;825;grandmasterka
1300;0;4103;northenglish
1301;0;4110;scienceapologist
1302;0;4111;bigtop
1303;0;2072;encyclopedist
1304;0;4117;randall_brackett
1305;1;2981;wknight94
1306;1;2328;phaedriel
1307;1;2653;srikeit
1308;0;4111;bigtop
1309;1;4162;edgar181
1310;1;4055;liquidghoul
1311;0;4168;tpirfansteve
1312;1;1239;grendelkhan
1313;0;4171;pollux
1314;0;4173;micoolio101
1315;1;4179;arthur_rubin
1316;0;4181;paul_cyr
1317;0;4183;the_mad_bomber
1318;0;2859;andypandy.uk
1319;1;2958;misza13
1320;0;4078;nookdog
1321;0;4188;ronan.evans
1322;0;4189;deon555
1323;0;3949;abcdefghijklm
1324;1;2066;sean_black
1325;1;4013;centrx
1326;0;3898;j_di
1327;0;4201;catamorphism
1328;1;3439;mets501
1329;0;4216;daniel_123
1330;0;4218;jakedhs07
1331;0;2240;sceptre
1332;1;3787;ryangerbil10
1333;1;3615;yanksox
1334;0;4233;chenuevara
1335;0;4235;lambertman
1336;0;4237;mr_lefty
1337;0;3631;eluchil404
1338;0;4231;crisspy
1339;0;4247;jersey_devil
1340;0;3291;ikiroid
1341;1;2932;firsfron
1342;0;4254;tom_walker
1343;1;2134;wavegetarian
1344;0;3463;williamborg
1345;1;4263;ercheck
1346;0;4264;wcquidditch
1347;0;4265;chad1m
1348;1;4269;wickethewok
1349;0;4272;jason_potter
1350;0;3192;ambuj.saxena
1351;0;2900;pegasus1138
1352;1;4256;sir_nicholas_de_mimsy-porpington
1353;0;3276;highwaycello
1354;1;4289;misfittoys
1355;1;4290;crazycomputers
1356;0;4138;synergeticmaggot
1357;0;1140;maltesedog
1358;1;4299;eagle_101
1359;0;3394;ghe
1360;0;2072;encyclopedist
1361;0;3912;gangstaeb
1362;0;4303;popcorn2008
1363;0;1157;rmrfstar
1364;0;3813;viridae
1365;0;4311;cameron_nedland
1366;1;3568;alphachimp
1367;0;4323;evocativeintrigue
1368;0;2565;siva1979
1369;0;4331;mdcollins1984
1370;0;4332;simpsons_contributor
1371;0;4191;ryulong
1372;0;4349;abu_badali
1373;1;1990;cowman109
1374;1;3661;goldom
1375;1;2612;robdurbar
1376;0;4359;daveswagon
1377;0;4351;them62manchester
1378;1;4365;agentsoo
1379;0;3346;tarret
1380;1;1729;renata3
1381;0;4373;the_thadman2
1382;0;2499;the_wookieepedian
1383;1;3660;aguerriero
1384;0;2129;bornhj
1385;1;4384;andrew_levine
1386;0;4385;son_of_a_peach
1387;0;4386;post_falls_man
1388;0;4389;deltaslaya
1389;0;978;jtkiefer
1390;0;4391;asydwaters
1391;0;4402;icelandic_hurricane
1392;0;4403;hezzy
1393;1;2289;wangi
1394;0;1385;pmanderson
1395;0;4411;bpazolli
1396;0;4412;imdanumber1
1397;0;4413;ltpowers
1398;1;4417;larry_v
1399;1;4424;consumed_crustacean
1400;0;4297;martinp23
1401;1;2871;sarah_ewart
1402;0;4453;stephen_b_streater
1403;1;3645;gien
1404;1;2646;zsinj
1405;1;4463;kpjas
1406;1;4422;tomthehand
1407;0;4466;ramsquire
1408;0;4234;stevietheman
1409;1;3144;deville
1410;0;4471;crystallina
1411;0;4480;truthbringertoronto
1412;0;4481;splinter
1413;1;4485;nawlinwiki
1414;1;762;carnildo
1415;0;4500;patchouli
1416;1;3125;teke
1417;0;4111;bigtop
1418;0;3557;zapptastic
1419;1;3806;runcorn
1420;1;4510;guinnog
1421;0;3724;randywang
1422;0;4199;tmorton166
1423;0;2411;computerjoe
1424;0;3785;geo.plrd
1425;0;4521;stlet.rozinsky
1426;0;2433;schuminweb
1427;0;4500;patchouli
1428;1;4528;xyrael
1429;0;4529;nathannoblet
1430;1;4531;netsnipe
1431;1;3812;winhunter
1432;0;4539;downtowndontay
1433;0;4541;mina19_1919
1434;0;4544;68.39.174.238
1435;1;1688;jpd
1436;0;4550;ganfon
1437;0;4551;daniel_olsen
1438;0;4552;klingoncowboy4
1439;0;4557;saxteacher
1440;0;4558;andreasegde
1441;0;4561;wikidude69
1442;0;4562;morphh
1443;0;4298;tehkewl1
1444;1;3454;hoopydink
1445;1;3140;oscarthecat
1446;0;4219;hello32020
1447;1;4578;luna_santin
1448;0;4580;maxasus
1449;0;2229;masssiveego
1450;1;1185;borisblue
1451;0;3557;zapptastic
1452;0;4583;nimur
1453;0;4584;adriaan
1454;0;4536;st47
1455;1;4072;konstable
1456;0;4385;son_of_a_peach
1457;0;1961;striver
1458;1;2144;messedrocker
1459;1;3956;steel359
1460;1;2760;robth
1461;0;4605;qrc2006
1462;0;4588;markovich292
1463;0;3958;zzuuzz
1464;1;72;everyking
1465;1;4613;mike_7
1466;0;2398;werdna
1467;0;3014;the_halo
1468;0;4620;paulwicks
1469;0;4621;anthony5429
1470;1;3443;thatcher131
1471;0;3976;chacor
1472;0;4631;rhythmnation2004
1473;1;4011;mr._lefty
1474;0;4468;selmo
1475;0;4639;joeferret
1476;0;1984;phdrillsergeant
1477;1;3034;ligulem
1478;0;4646;mac_davis
1479;0;4648;bobbylee
1480;1;3309;pengo
1481;0;4650;oddmartian
1482;1;3453;nishkid64
1483;0;4631;rhythmnation2004
1484;0;4220;sugarpine
1485;0;4658;master_chief_117
1486;1;3321;duja
1487;1;2145;w.marsh
1488;0;4666;morse
1489;0;4677;doctor_evil
1490;0;4678;b&w_anime_fan
1491;0;4110;scienceapologist
1492;0;3460;jc37
1493;0;4684;hmrox
1494;0;4529;nathannoblet
1495;1;4661;merope
1496;0;3089;azatoth
1497;1;4662;irongargoyle
1498;1;4261;ncurse
1499;0;4713;chochopk
1500;1;4719;johan_elisson
1501;0;2790;rory096
1502;1;3635;adambiswanger1
1503;1;2811;stuffofinterest
1504;0;4728;madcowpoo
1505;0;4466;ramsquire
1506;0;2517;trysha
1507;0;4735;tawkerbottora
1508;1;3748;deepujoseph
1509;1;4266;yomangani
1510;0;3835;malber
1511;1;3352;crzrussian
1512;0;4776;gary_kirk
1513;0;2326;darthvader
1514;0;4778;skerhawx
1515;0;4779;jimwitz
1516;0;4780;flameviper_x-1
1517;1;2456;durova
1518;0;4783;chirp_cricket
1519;0;291;triona
1520;1;4796;chrisgriswold
1521;0;4797;p.b._pilhet
1522;1;4212;physicq210
1523;1;4040;coredesat
1524;1;4808;atlant
1525;0;4809;john_anderson
1526;0;4811;benon5
1527;0;4103;northenglish
1528;1;4814;ginkgo100
1529;0;4815;liyster
1530;0;1360;trödel
1531;0;4820;cyberskull
1532;0;346;cynical
1533;0;4822;frankwilliams
1534;1;4706;plange
1535;1;4827;melchoir
1536;0;4831;katieh5584
1537;1;2237;khoikhoi
1538;1;3073;tkd
1539;0;4875;earle_martin
1540;0;4876;danny_lilithborne
1541;0;3271;wikicats
1542;0;4879;pursey
1543;0;4880;teh_tennisman
1544;1;3334;betacommand
1545;0;4886;-jmac-
1546;0;4887;electricbassguy
1547;0;4588;markovich292
1548;1;2696;aksi_great
1549;0;4896;rick_man
1550;1;2014;olessi
1551;0;4037;elonka
1552;0;4929;bradbeattie
1553;1;3433;mcb
1554;0;4335;mer-c
1555;1;1305;jusjih
1556;0;3911;kf4bdy
1557;0;4942;exir_kamalabadi
1558;1;4044;alex9891
1559;0;4946;mcepitome
1560;0;3276;highwaycello
1561;0;2917;hamedog
1562;1;4953;art_lapella
1563;0;4954;london_uk
1564;0;4189;deon555
1565;1;4962;osgoodelawyer
1566;1;3854;lostintherush
1567;1;4938;geejo
1568;1;1769;youngamerican
1569;0;1024;ombudsman
1570;1;1310;saxifrage
1571;1;3898;j_di
1572;0;4987;bobabobabo
1573;1;4551;daniel_olsen
1574;0;4298;tehkewl1
1575;0;4991;rewired
1576;0;4993;supastargirl
1577;0;4191;ryulong
1578;1;4999;future_perfect_at_sunrise
1579;0;1060;remember
1580;1;4792;evula
1581;1;3607;anonemouse
1582;0;3643;michaelbillington
1583;1;3458;rockpocket
1584;1;3447;husond
1585;0;2775;georgewilliamherbert
1586;0;5022;walton_one
1587;1;5026;shyam_bihari
1588;0;4529;nathannoblet
1589;1;3452;trialsanderrors
1590;0;4983;sb_johnny
1591;1;3843;cholmes75
1592;0;5033;topaz
1593;1;2787;femto
1594;1;3002;dalbury
1595;0;5043;darknesslord
1596;0;5044;leotolstoy
1597;0;5045;the_bread
1598;1;4124;tariqabjotu
1599;1;5055;opabinia_regalis
1600;0;5058;spawn_man
1601;1;3537;rama's_arrow
1602;0;4654;davidjjj
1603;1;2364;reybrujo
1604;1;4297;martinp23
1605;1;5073;mike_selinker
1606;0;5075;terrillwhite
1607;1;3284;tango
1608;0;5083;stevebaker
1609;1;5092;metros232
1610;1;5100;doug_bell
1611;0;4219;hello32020
1612;1;5106;gnangarra
1613;0;2516;kafziel
1614;0;5115;exvicious
1615;0;4828;anthony.bradbury
1616;1;2381;nae'blis
1617;1;3813;viridae
1618;0;5120;movementarian
1619;1;5130;highinbc
1620;1;5132;renesis13
1621;0;5133;fu_kinell
1622;0;2342;wikizach
1623;1;3092;sandstein
1624;0;4536;st47
1625;1;5144;gogo_dodo
1626;0;5145;jstupple7
1627;0;5146;me_and_my_robot
1628;0;2386;flarn2005
1629;0;5148;the_haunted_angel
1630;1;4547;daveydweeb
1631;0;4645;ccool2ax
1632;0;5162;biruitorul
1633;1;3796;riana_dzasta
1634;1;5204;gray_porpoise
1635;0;4964;chrislk02
1636;1;3664;amalas
1637;0;4717;khukri
1638;1;2592;mrdarcy
1639;0;5208;rat235478683
1640;0;5210;the_transhumanist
1641;0;406;bart133
1642;0;5215;malcolm
1643;0;5141;memmke
1644;0;2369;nick
1645;1;5222;stemonitis
1646;0;5231;mlc409
1647;0;1680;wikiwoohoo
1648;1;5239;ceyockey
1649;0;5240;king_toadsworth
1650;0;852;gmaxwell
1651;0;5245;asams10
1652;1;3106;davidruben
1653;0;5253;captaindansplashback
1654;1;2689;j.smith
1655;0;5260;azer_red
1656;1;3691;chaser
1657;0;1385;pmanderson
1658;0;5267;pikminlover
1659;1;4482;tonywalton
1660;0;3455;mike1
1661;0;3455;mike1
1662;0;5271;crawfordknights
1663;0;5274;mwx10
1664;0;3459;r
1665;1;4315;royalguard11
1666;0;5288;brian_new_zealand
1667;1;4824;cbrown1023
1668;1;3417;asterion
1669;0;5298;hornetman16
1670;1;4587;dina
1671;0;5301;xiner
1672;0;5303;dinoman
1673;0;5305;the_hybrid
1674;0;5306;smitty494
1675;0;222;kizzle
1676;0;4127;crazytales56297
1677;0;5308;grika
1678;0;5309;tzaquiel
1679;0;5310;shmirlywhirl
1680;0;5311;rmky87
1681;0;5312;mikedk9109
1682;1;4448;canadian-bacon
1683;0;4468;selmo
1684;1;2909;agathoclea
1685;0;4355;dar-ape
1686;0;5255;wikiman53
1687;0;5323;blackjack
1688;0;2433;schuminweb
1689;0;4866;iced_kola
1690;0;5326;platypus222
1691;0;5327;maxamegalon2000
1692;0;3808;no1lakersfan
1693;0;5335;anthony_appleyard
1694;0;5341;berig
1695;0;2354;bostonma
1696;0;5350;mudkipluver111
1697;0;5351;zack3rdbb
1698;1;3460;jc37
1699;0;5354;aresandenyo
1700;1;3910;grberry
1701;0;4068;cj_king
1702;0;5176;yuser31415
1703;0;5123;seraphimblade
1704;0;5362;antoinej
1705;0;5363;the_truth_from_texas
1706;0;5364;drosenbach
1707;1;2822;savidan
1708;0;5368;the_uber_ninja
1709;0;5375;kseferovic
1710;0;2785;matthewund
1711;1;4400;nilfanion
1712;0;5388;veracious_rey
1713;0;5392;yao_ziyuan
1714;0;5393;floaterfluss
1715;1;3103;kinu
1716;0;5412;protectionbot
1717;0;5414;val42
1718;0;5415;smcafirst
1719;0;5417;just_h
1720;0;5423;shirahadasha
1721;0;5426;will_merchant
1722;1;5430;visviva
1723;1;1247;feydey
1724;0;5434;nduell
1725;0;3897;the_rambling_man
1726;1;3027;jersyko
1727;0;5442;chamillitaryboi94
1728;1;5449;bigdt
1729;0;4712;pascal.tesson
1730;0;5457;tellyaddict
1731;0;525;ryan524
1732;1;5463;night_gyr
1733;0;3089;azatoth
1734;0;95;jor
1735;0;5465;the_placebo_effect
1736;0;5387;foundby
1737;0;5467;averross
1738;1;1799;isotope23
1739;0;5469;echo_myself
1740;0;5470;edwincasadobaez
1741;0;5471;zach111493
1742;1;5155;tso1d
1743;0;3554;david.mestel
1744;1;608;ft2
1745;1;4929;bradbeattie
1746;0;5481;xunex
1747;1;4600;yannismarou
1748;0;2902;saint-paddy
1749;0;4977;peter_m_dodge
1750;0;8295;teckwiz
1751;1;5452;bozmo
1752;0;5503;dphantom15
1753;1;5506;mysid
1754;1;5509;cjll_wright
1755;0;5511;soman
1756;0;5513;thelistupdater
1757;0;5514;gndawydiak
1758;1;4191;ryulong
1759;0;5533;randomjack
1760;1;2831;kuru
1761;0;5539;sunstar_net
1762;0;1548;jakew
1763;1;3456;newyorkbrad
1764;0;5545;j_milburn
1765;0;2552;cyclepat
1766;0;4631;rhythmnation2004
1767;0;5484;dev920
1768;0;5559;wildnox
1769;0;8296;jp06035
1770;0;5563;fisherqueen
1771;0;5564;mentaka
1772;1;5189;wizardman
1773;0;5568;serpent's_choice
1774;0;5569;hiddenhearts
1775;0;5570;quatreryukami
1776;0;4666;morse
1777;1;4846;yandman
1778;1;2764;qwghlm
1779;0;5588;judae1
1780;1;4964;chrislk02
1781;0;5592;peregrine_fisher
1782;0;4098;fan-1967
1783;1;4247;jersey_devil
1784;0;2398;werdna
1785;0;5620;bushcarrot
1786;0;5623;jfburton
1787;0;5321;mecu
1788;0;5630;wooyi
1789;0;5631;courtney_akins
1790;1;3393;gilliam
1791;0;5635;chris_is_me
1792;1;5637;picaroon9288
1793;0;5638;nima_baghaei
1794;0;5640;grubber
1795;1;2516;kafziel
1796;0;4777;flameviper
1797;0;5639;drmaik
1798;1;5650;geniac
1799;1;5651;carabinieri
1800;0;5296;extranet
1801;0;4500;patchouli
1802;1;4653;arjun01
1803;0;5663;kgv
1804;0;5664;ryan_keyes
1805;0;5665;sidhucric
1806;0;4335;mer-c
1807;0;5673;sangak
1808;1;4986;anemoneprojectors
1809;0;3755;white_cat
1810;0;5679;willscrlt
1811;1;4530;shadow1
1812;0;5683;gay_cdn
1813;1;2258;garion96
1814;0;4099;moreschi
1815;0;5285;somitho
1816;1;5693;cuchullain
1817;0;5694;thomasiscool
1818;0;72;everyking
1819;0;5701;haysead
1820;1;5454;hu12
1821;0;5705;zazzer
1822;0;5706;adun12
1823;1;3958;zzuuzz
1824;1;2605;vegadark
1825;0;4795;agk
1826;1;5459;persian_poet_gal
1827;1;2576;swatjester
1828;1;3274;heimstern
1829;0;5721;smccandlish
1830;0;4797;p.b._pilhet
1831;0;5020;amarkov
1832;0;5726;mbralchenko
1833;0;2277;firefoxman
1834;1;5732;shadowhalo
1835;1;2001;delldot
1836;1;5737;llama_man
1837;0;5263;natl1
1838;0;5740;gizwidget
1839;1;5743;heligoland
1840;0;5745;hypersonicboom
1841;1;4338;crum375
1842;1;5072;proveit
1843;0;5713;mehrshad123
1844;0;5754;caribbean1
1845;0;5756;mastera113
1846;0;5757;patricknoddy
1847;0;5760;navou
1848;1;1733;anetode
1849;1;1473;marskell
1850;0;5767;quinlanfan2
1851;1;4534;fram
1852;1;5226;irishguy
1853;1;5775;timvickers
1854;1;4899;james086
1855;0;5778;ferrett3
1856;0;4536;st47
1857;1;5780;trebor_rowntree
1858;1;5445;rlevse
1859;0;5782;nat_wolff
1860;0;5784;scharks
1861;0;4211;wikipediarules2221
1862;1;5061;bighaz
1863;1;2775;georgewilliamherbert
1864;1;5790;andrwsc
1865;0;5792;saudiqbal
1866;0;5793;invader_soap
1867;0;4625;oliver202
1868;1;3897;the_rambling_man
1869;1;1648;deryck_chan
1870;1;5828;adam_cuerden
1871;0;5830;extranet2
1872;0;5832;communist47
1873;1;5837;harryboyles
1874;0;5838;jaseemum
1875;0;5305;the_hybrid
1876;1;5844;bubba_hotep
1877;1;5848;jesse_viviano
1878;0;5850;wandalstouring
1879;1;5680;veinor
1880;1;4574;auburnpilot
1881;0;5860;williamkf
1882;0;5863;kyravixen
1883;0;2490;luckyluke
1884;0;5872;jforget
1885;0;5482;kyriakos
1886;0;3376;general_eisenhower
1887;0;5880;owie123
1888;0;5882;davy1132
1889;1;5886;ryanpostlethwaite
1890;1;5891;john_reaves
1891;0;5817;matthew
1892;0;5817;matthew
1893;0;3461;matthewfenton
1894;0;5499;parker007
1895;0;3922;danielrocks123
1896;1;5123;seraphimblade
1897;1;5301;xiner
1898;0;3976;chacor
1899;1;5925;orderinchaos78
1900;0;5926;groupempty
1901;1;5928;rklawton
1902;0;5931;eggwo
1903;1;3089;azatoth
1904;1;5947;natalie_erin
1905;0;5457;tellyaddict
1906;1;5182;shimeru
1907;0;5176;yuser31415
1908;0;5955;creation_destruction
1909;0;5956;mrld
1910;0;5963;froth
1911;0;5969;davnel03
1912;0;5971;peacefultimes
1913;0;5972;jet123
1914;0;5973;skully_collins
1915;0;5977;bouncingmolar
1916;0;3191;alex43223
1917;0;5980;nenyedi
1918;0;5809;kntrabssi
1919;1;3586;alison
1920;0;5991;plainnym
1921;0;5994;maelwys
1922;0;896;ben
1923;0;1159;clawson
1924;1;4527;wafulz
1925;0;6009;middleeastern
1926;0;6010;tyran7
1927;1;2507;rebelguys2
1928;1;4175;cmummert
1929;0;6021;razorclaw
1930;0;5936;revragnarok
1931;0;6025;copernicus_ii
1932;1;2765;oldelpaso
1933;0;6027;blakecs
1934;1;3643;michaelbillington
1935;1;4041;michaelas10
1936;1;6029;sggh
1937;0;6041;sepehrsh
1938;1;2276;^demon
1939;1;4310;wjbscribe
1940;0;6054;ahadland1234
1941;0;6041;sepehrsh
1942;0;6055;abela2006
1943;0;4276;ironduke
1944;0;6059;kermanshahi
1945;0;5543;jreferee
1946;0;5524;acalamari
1947;1;5103;casliber
1948;0;6078;jxm
1949;1;2925;waggers
1950;0;6080;driveus
1951;0;6083;dvdknight
1952;0;4621;anthony5429
1953;0;6088;guitaristlcpl
1954;0;6090;mcintec
1955;1;4828;anthony.bradbury
1956;0;6096;ibeatanorexia
1957;1;6098;ais523
1958;0;6101;ezratrumpet
1959;0;6105;philip_gronowski
1960;0;6106;hirak_99
1961;0;6107;mewtwowimmer
1962;1;5753;xdamr
1963;0;6109;dynamictwo-o
1964;0;6110;bfissa
1965;0;6111;cool_blue
1966;0;4875;earle_martin
1967;1;4781;akhilleus
1968;1;6124;pulltoopen
1969;0;6094;anynobody
1970;0;6130;tails0600
1971;0;5179;shalom
1972;0;5527;jujube
1973;1;5121;kfp
1974;0;5630;wooyi
1975;0;6107;mewtwowimmer
1976;1;6148;soumyasch
1977;0;6149;chrisch
1978;0;6151;rigadoun
1979;1;5437;meno25
1980;0;5404;rockmfr
1981;0;6161;jrockley
1982;0;6162;shimdidly
1983;1;3015;darthgriz98
1984;0;6164;tohru_honda13
1985;1;6166;mikeblas
1986;0;5936;revragnarok
1987;1;5624;nmajdan
1988;1;3498;angusmclellan
1989;1;15;danny
1990;0;6211;kk_2.0
1991;1;5545;j_milburn
1992;1;5626;bigrtex
1993;0;5177;mschel
1994;1;5262;dgies
1995;0;6225;w1k13rh3nry
1996;0;6226;sox23
1997;0;6229;cla68
1998;0;5263;natl1
1999;0;5972;jet123
2000;0;6235;greenboxed
2001;0;5415;smcafirst
2002;1;3873;fuhghettaboutit
2003;1;6246;hemlock_martinis
2004;1;5178;coelacan
2005;0;5487;veesicle
2006;1;6251;staecker
2007;0;6255;joebengo
2008;0;6257;thefirstm
2009;0;6259;ameratsu
2010;0;6261;thenthornthing
2011;1;6262;wrp103
2012;0;6267;imever4smart
2013;0;6269;pie_man_360
2014;0;8295;teckwiz
2015;0;6278;saturation2
2016;0;6023;lankybugger
2017;0;6279;qinshihuangdi
2018;1;5335;anthony_appleyard
2019;0;5697;cometstyles
2020;1;5423;shirahadasha
2021;1;6296;fishhead64
2022;0;5814;darkfalls
2023;0;5620;bushcarrot
2024;0;6302;makechoochoogonow
2025;1;6306;walton_monarchist89
2026;0;5760;navou
2027;0;6311;brylcreem2
2028;0;5233;tonythetiger
2029;0;5233;tonythetiger
2030;0;6321;susan_walton
2031;1;5200;andonico
2032;1;6334;terriersfan
2033;0;6340;the_juggsd86
2034;0;6344;trumpetband
2035;1;2774;ragesoss
2036;0;2535;badlydrawnjeff
2037;1;4980;mallanox
2038;1;6328;sam_blacketer
2039;1;6218;krimpet
2040;0;2376;ali
2041;1;5804;scientizzle
2042;0;6376;microchip08
2043;1;5798;adambro
2044;1;5684;selket
2045;1;4798;twinsmetsfan
2046;1;4483;bibliomaniac15
2047;1;4715;prolog
2048;0;6388;max_naylor
2049;1;6337;matt_britt
2050;0;3479;slgrandson
2051;0;6400;eukesh
2052;0;6401;bklounge
2053;1;3614;stephen
2054;0;5638;nima_baghaei
2055;0;6407;retiono_virginian
2056;0;6409;martinultima
2057;0;4687;errabee
2058;0;6414;coren
2059;0;6417;caribbean_h.q.
2060;0;6360;a.z.
2061;1;4795;agk
2062;0;6422;blueboy96
2063;0;5738;jhfireboy
2064;0;5709;malevious
2065;0;6427;kaushal208
2066;1;5439;sr13
2067;1;6432;eyrian
2068;0;4786;bloodpack
2069;0;6435;lord_hawk
2070;0;5980;nenyedi
2071;1;6437;william_pietri
2072;1;2273;croat_canuck
2073;0;2914;sfgiants
2074;1;6441;slumgum
2075;1;6006;dgg
2076;1;6458;mastcell
2077;0;6327;giggy
2078;0;6462;englishefternamn
2079;0;6464;nuclearj
2080;0;6424;pupster21
2081;0;6472;psdubow
2082;0;6474;peejay2k3
2083;0;6475;owainbut
2084;1;4099;moreschi
2085;1;6481;david_fuchs
2086;1;6496;david_eppstein
2087;1;6498;mzmcbride
2088;1;5584;yonatan
2089;1;5799;pastordavid
2090;1;6505;after_midnight
2091;1;5140;rettetast
2092;0;6511;firefoxrocks
2093;1;4994;cattlegirl
2094;1;5479;dekimasu
2095;1;1972;searchme
2096;1;4748;aqu01rius
2097;1;2433;schuminweb
2098;1;6528;seattle_skier
2099;0;6529;stephenhjellum13
2100;0;6530;teniii
2101;1;3291;ikiroid
2102;0;6532;lake54
2103;0;4791;tenebrae
2104;0;4507;billy
2105;0;6543;sam_1123
2106;1;3634;dweller
2107;0;6553;benon6
2108;1;6554;brendelsignature
2109;1;5273;lucasbfr
2110;1;4717;khukri
2111;1;6566;lessheard_vanu
2112;0;6567;dynaflow
2113;0;6568;stevemcsherry
2114;1;6570;c.fred
2115;0;6571;nardman1
2116;1;4689;masamage
2117;1;6576;anas_salloum
2118;1;2440;maxsem
2119;0;2285;paxequilibrium
2120;1;6589;alvestrand
2121;0;6590;roastytoast
2122;1;1823;carioca
2123;0;6592;juansidious
2124;1;3842;audacity
2125;1;6552;nihiltres
2126;1;6594;arctic.gnome
2127;1;4604;akradecki
2128;0;1074;phoenix2
2129;1;6599;bjelleklang
2130;1;6600;bobak
2131;0;6606;otto4711
2132;1;5827;spuriousq
2133;1;6305;jodyb
2134;0;6596;nhrhs2010
2135;0;6621;nimrauko
2136;1;5188;peacent
2137;0;6623;jayzraptorz
2138;1;2620;yamamoto_ichiro
2139;0;6628;n734lq
2140;0;3919;booksworm
2141;0;6421;treywiki
2142;1;6501;ocatecir
2143;1;6632;danms
2144;0;6634;tenpoundhammer
2145;0;6047;lwarf
2146;1;1352;christopher_parham
2147;0;6641;tomcusack
2148;0;5254;gracenotes
2149;0;5255;wikiman53
2150;1;4712;pascal.tesson
2151;0;5210;the_transhumanist
2152;0;6661;chaza93
2153;0;6663;wildthing61476
2154;0;5950;mapsman
2155;0;6668;knobbie10
2156;0;6670;azuran
2157;1;6156;vassyana
2158;0;6680;roarinfury_69
2159;0;6681;hehehehehehehe
2160;0;6682;eastgermanallstar
2161;0;6685;marcschulz
2162;0;6686;uga_man
2163;1;6595;wilyd
2164;0;6691;dwrules
2165;0;6560;hdt83
2166;0;4412;imdanumber1
2167;1;6699;reedy_boy
2168;1;4065;krakatoakatie
2169;0;6700;clamster5
2170;1;6221;mr.z-man
2171;0;5824;ozgod
2172;0;6707;daniil_maslyuk
2173;0;4441;john254
2174;0;6299;arkyan
2175;1;6715;black_falcon
2176;1;6720;doomsday349
2177;1;6170;goodnightmush
2178;0;6721;plm209
2179;0;6723;munkee_madness
2180;0;6724;greaterwikiholic
2181;0;6725;yonidebest
2182;0;5002;dfrg.msc
2183;0;6611;nat.tang
2184;0;6665;hmwith
2185;1;5802;jmlk17
2186;0;6739;simply_south
2187;0;6742;luigimaniac
2188;0;8297;yechielman
2189;0;6491;mattl2001
2190;0;6447;oo7565
2191;0;1493;loom91
2192;1;5037;beetstra
2193;0;6755;jonjonbt
2194;0;6756;americanbritishitalian
2195;0;6757;tito55
2196;0;4401;mitchazenia
2197;0;3830;tjstrf
2198;0;6762;ryanzilla13
2199;1;4709;fvasconcellos
2200;1;6613;pax:vobiscum
2201;0;6769;ispy1981
2202;1;5871;wimt
2203;0;6777;ief
2204;0;6778;meateater
2205;0;6004;ivoshandor
2206;0;6788;coallen
2207;0;6789;hersfold
2208;0;6323;tomasbat
2209;0;6791;sergeixxx
2210;0;2160;akmask
2211;1;5714;elinord
2212;0;6803;fyre2387
2213;0;6805;tiochaka
2214;0;6806;fortyniners9999
2215;0;6809;chetblong
2216;1;6770;sirfozzie
2217;0;6813;chuckfromchan
2218;1;5321;mecu
2219;1;6347;shyamal
2220;1;5829;magnus_animum
2221;0;6826;josephtheboheme
2222;0;5811;wikihermit
2223;1;4713;chochopk
2224;1;6783;ck_lostsword
2225;0;6832;anonymous_dissident
2226;1;6833;drkiernan
2227;1;4764;kubigula
2228;0;6840;sir_james_paul
2229;1;5596;leebo
2230;0;6850;wantok
2231;0;6388;max_naylor
2232;1;6855;ericorbit
2233;0;6856;np9455
2234;0;6858;bymastudent
2235;1;6860;mattbr
2236;1;3792;richardshusr
2237;1;4488;spartaz
2238;1;6869;cloudnine
2239;0;6871;the_king_of_clay
2240;1;6873;eleassar
2241;1;5818;virtualsteve
2242;0;6560;hdt83
2243;1;6001;greeves
2244;1;5295;crazytales
2245;0;6890;zachary_crimsonwolf
2246;0;6892;bovinebeast
2247;0;3832;u-two
2248;1;6897;daniel_case
2249;0;5800;pedro
2250;1;6901;sanchom
2251;0;6904;nonerds
2252;0;5484;dev920
2253;0;6920;celticfan383
2254;1;5543;jreferee
2255;1;5739;evilclown93
2256;1;6227;grant65
2257;1;5563;fisherqueen
2258;1;6930;andrew_c
2259;0;6933;milton_stanley
2260;1;5524;acalamari
2261;0;6934;hiberniantears
2262;1;6272;gdonato
2263;0;4134;karrmann
2264;0;6942;popefauvexxiii
2265;0;5020;amarkov
2266;1;6945;citicat
2267;0;6948;dream_out_loud
2268;0;6765;thefearow
2269;0;5298;hornetman16
2270;0;6950;harrymaxwell
2271;1;6955;mike_peel
2272;0;6938;dosguy
2273;0;6953;member
2274;0;5697;cometstyles
2275;0;6965;angie_y.
2276;0;6967;the_raven's_apprentice
2277;0;6523;kwsn
2278;0;3459;r
2279;1;1549;jaranda
2280;0;6979;captain_panda
2281;0;6980;chris_g
2282;0;6982;edmundkh
2283;0;6983;campbellscott
2284;1;6330;butseriouslyfolks
2285;0;6987;hbkh
2286;0;1982;e
2287;0;6951;qst
2288;1;6790;oldwindybear
2289;0;6555;neranei
2290;0;6997;aquastreak
2291;1;6774;derhexer
2292;0;7033;namayte
2293;0;5807;o
2294;0;7034;miggy93
2295;1;5922;melburnian
2296;1;6624;carlossuarez46
2297;0;4009;kitia
2298;1;4536;st47
2299;0;7040;ishikawa_minoru
2300;0;7042;not_wikipedia_administrator
2301;0;7059;ryanlupin
2302;0;7060;mike33
2303;1;5822;philippe
2304;0;7062;charitwo
2305;0;2565;siva1979
2306;0;3809;caldorwards4
2307;0;840;tomstar81
2308;1;7073;stephan_schulz
2309;0;7074;daniel.cardenas
2310;1;4666;morse
2311;0;7052;lradrama
2312;1;4944;tra
2313;0;6946;useight
2314;1;6097;eliminatorjr
2315;1;3803;mjcdetroit
2316;1;5932;xnuala
2317;1;5998;the_undertow
2318;0;7094;angus_lepper
2319;0;6634;tenpoundhammer
2320;1;7101;awiseman
2321;0;840;tomstar81
2322;1;7108;lyrl
2323;0;5772;n
2324;1;7115;raymond_arritt
2325;0;7116;aarktica
2326;1;7119;calliopejen1
2327;1;5776;caknuck
2328;0;5384;booyabazooka
2329;0;4037;elonka
2330;0;7110;perspicacite
2331;1;7143;tabercil
2332;1;7144;marasmusine
2333;0;4934;nwwaew
2334;0;7149;specialagentuncletito
2335;0;6414;coren
2336;0;6327;giggy
2337;0;7161;willy
2338;0;7162;acbest
2339;0;5012;diez2
2340;0;7168;mikegodwin
2341;1;2511;angelo.romano
2342;0;5773;wikidudeman
2343;0;4992;laleena
2344;1;5814;darkfalls
2345;0;7185;spartan-james
2346;0;7186;a_raider_like_indiana
2347;1;3631;eluchil404
2348;0;7191;factinspector
2349;1;5288;brian_new_zealand
2350;0;7195;ryanborgz
2351;1;2785;matthewund
2352;0;7201;czarbender
2353;0;6270;boricuaeddie
2354;0;7204;n3mm
2355;0;7023;slsb
2356;0;6765;thefearow
2357;1;7214;alex_valavanis
2358;0;7215;fightindaman
2359;0;6560;hdt83
2360;0;6994;l
2361;0;1919;gator1
2362;1;1919;gator1
2363;0;6917;shoessss
2364;1;5404;rockmfr
2365;0;7222;crownofworms
2366;1;6665;hmwith
2367;1;6907;bearian
2368;1;1403;graham87
2369;0;7243;mmafan2007
2370;1;3726;schutz
2371;0;6736;stwalkerster
2372;0;7246;limetolime
2373;0;7250;unique_tree
2374;1;2851;bduke
2375;0;7254;wikisteph888
2376;0;5801;mattythewhite
2377;0;7257;airbus_a300
2378;0;7262;crassic
2379;0;6755;jonjonbt
2380;1;6784;haemo
2381;0;7273;holmes.sherlock
2382;0;3346;tarret
2383;1;6913;trusilver
2384;1;5432;resolute
2385;0;7289;vanilla2
2386;0;7290;mattbroon
2387;0;7292;zliljoemz
2388;1;6976;@pple
2389;0;7297;thejosh
2390;0;5582;infrangible
2391;1;7301;balloonman
2392;0;7304;luvcraft
2393;0;6714;melsaran
2394;0;7306;53180
2395;0;7306;53180
2396;0;7306;53180
2397;0;5969;davnel03
2398;0;7306;53180
2399;0;6634;tenpoundhammer
2400;0;4218;jakedhs07
2401;0;7315;schumi555
2402;0;7316;victoria_uni
2403;0;7318;timysmidge
2404;0;7319;sobar
2405;0;7316;victoria_uni
2406;0;7323;gagueci
2407;1;5199;wodup
2408;0;6980;chris_g
2409;0;7295;theislander
2410;1;6299;arkyan
2411;0;6772;jetlover
2412;0;2589;svera1ny
2413;0;6503;t-dot
2414;0;7146;pniddy
2415;0;7341;tbo_157
2416;0;4361;wikipedianprolific
2417;1;6832;anonymous_dissident
2418;0;7359;desalvionjr
2419;0;7351;dantheman531
2420;0;7362;bobsmith319
2421;0;6198;flubeca
2422;0;6789;hersfold
2423;0;6596;nhrhs2010
2424;1;7373;chunky_rice
2425;1;5897;edison
2426;1;5760;navou
2427;1;7381;satori_son
2428;0;5233;tonythetiger
2429;0;7387;astroview120mm
2430;0;7386;tiptoety
2431;1;2940;elkman
2432;0;6424;pupster21
2433;0;7397;ceres3
2434;1;6123;flyguy649
2435;0;6953;member
2436;0;7365;czac
2437;0;6946;useight
2438;0;5811;wikihermit
2439;1;7414;the_random_editor
2440;1;6417;caribbean_h.q.
2441;1;6442;jayvdb
2442;0;7407;edmundezekielmahmudisa
2443;1;7422;monotonehell
2444;0;7423;street_scholar
2445;0;3334;betacommand
2446;0;7434;crocka05
2447;0;7436;sasha_callahan
2448;0;7439;oddmartian2
2449;0;7440;mikyt90
2450;0;7442;shoeofdeath
2451;1;5800;pedro
2452;1;3885;jogers
2453;1;7450;markles
2454;1;7131;dreadstar
2455;0;7467;kingdom_of_crash_and_spyro
2456;1;7478;number_57
2457;1;7279;moonriddengirl
2458;1;6243;madman
2459;0;4966;cocoaguy
2460;1;5806;iridescent
2461;0;6000;barneca
2462;0;7490;dustihowe
2463;0;7491;minesweeper.007
2464;1;4875;earle_martin
2465;0;7495;pidgeonman
2466;0;938;marsch
2467;0;7497;tanner-christopher
2468;1;5872;jforget
2469;0;7498;brettzwo
2470;1;5289;nehrams2020
2471;1;5902;penwhale
2472;0;7506;nather14
2473;0;7508;bull_borgnine
2474;1;7510;espresso_addict
2475;1;7512;amire80
2476;1;7088;edokter
2477;0;7493;aflumpire
2478;1;4632;addhoc
2479;0;4879;pursey
2480;0;7520;doyley
2481;1;7237;fabrictramp
2482;1;737;daniel
2483;1;737;daniel
2484;0;7529;captmondo
2485;1;7054;ronnotel
2486;0;7533;missingno390
2487;0;7534;taborlechner
2488;1;7378;sql
2489;0;6923;wikipedialuva
2490;0;7553;dihydrogen_monoxide
2491;1;3969;kicking222
2492;1;3000;danaman5
2493;0;3459;r
2494;0;7557;lazylaces
2495;1;5835;metropolitan90
2496;1;7561;recurring_dreams
2497;1;4341;jhunterj
2498;1;7400;mtmelendez
2499;0;7567;socks_01
2500;0;5393;floaterfluss
2501;1;155;nat
2502;0;7574;gp75motorsports
2503;0;1026;kelly_martin
2504;0;5406;montchav
2505;0;7583;avant_guard
2506;1;7587;samulili
2507;0;7588;stormtracker94
2508;0;7590;beko120
2509;0;7225;agüeybaná
2510;0;5500;aktron
2511;0;7604;hiphopchamp
2512;1;7116;aarktica
2513;0;2565;siva1979
2514;1;4884;aa
2515;0;7620;cobi
2516;0;7621;oddparents5000
2517;1;5465;the_placebo_effect
2518;1;7624;blood_red_sandman
2519;1;5028;jehochman
2520;1;7632;redirectcleanupbot
2521;0;7021;oxymoron83
2522;1;7618;alasdair
2523;0;7636;tobythetramengine
2524;0;6280;bennyboyz3000
2525;1;5002;dfrg.msc
2526;0;5421;danielfolsom
2527;0;7642;codelyoko193
2528;0;7593;kornfan71
2529;1;7646;kizor
2530;0;7648;abd
2531;0;7647;wisdom89
2532;1;7651;couriano
2533;0;7652;poeloq
2534;0;7653;vintei
2535;0;5745;hypersonicboom
2536;0;7658;carterdriggs
2537;1;6934;hiberniantears
2538;1;7662;hut_8.5
2539;1;3238;carcharoth
2540;0;7666;goodshoped35110s
2541;0;7668;racepacket
2542;0;7669;touch_of_light
2543;1;6712;tikiwont
2544;0;6424;pupster21
2545;0;7672;nicolaslord
2546;0;7673;mike6271
2547;0;7675;rjd0060
2548;0;7047;rudget
2549;1;6241;carlosguitar
2550;1;7683;pats1
2551;0;7688;jason_quinn
2552;0;7689;green_kirby
2553;0;7690;plinkle
2554;1;7694;ev
2555;1;7695;kane5187
2556;0;7699;remember_the_dot
2557;0;6320;wenli
2558;1;7707;kieferskunk
2559;0;7634;thebestkiano
2560;0;7708;ojis
2561;0;7588;stormtracker94
2562;1;6523;kwsn
2563;0;6924;dreamafter
2564;0;1865;msjapan
2565;1;7726;dppowell
2566;0;7730;michfan2123
2567;1;7052;lradrama
2568;1;7443;accounting4taste
2569;0;7691;businessman332211
2570;0;7734;hastingssaxonspride
2571;0;7735;henry_williams
2572;0;7120;ksy92003
2573;1;5671;athaenara
2574;1;6980;chris_g
2575;0;7544;lincalinca
2576;0;5148;the_haunted_angel
2577;1;7757;the-g-unit-boss
2578;1;7763;east718
2579;0;7740;ilyushka88
2580;0;7449;icestorm815
2581;0;7765;ineversigninsodonotmessageme
2582;1;3381;davewild
2583;1;3310;henrik
2584;1;7280;glasscobra
2585;1;6174;bencherlite
2586;1;7778;bkell
2587;0;6560;hdt83
2588;1;7788;esprit15d
2589;1;7277;bongwarrior
2590;1;7795;thespian
2591;0;7797;ramos
2592;0;7799;drumlineramos
2593;0;7803;michaelbusch
2594;0;5529;ohanaunited
2595;1;7809;hit_bull
2596;0;6993;sjp
2597;0;7691;businessman332211
2598;1;6043;pigman
2599;1;7813;nyttend
2600;0;7386;tiptoety
2601;0;7819;juggernaut0102
2602;0;3084;gurch
2603;1;7649;woodym555
2604;0;6709;redmarkviolinist
2605;1;7092;laralove
2606;1;6151;rigadoun
2607;0;7839;tempdeletionbot
2608;0;7840;vistro
2609;1;5839;cremepuff222
2610;0;5079;majorly
2611;1;6555;neranei
2612;1;7855;david_d.
2613;1;1191;nightscream
2614;0;5655;miranda
2615;1;4435;lid
2616;0;7857;emesee
2617;1;7005;spellcast
2618;1;7862;encyclopetey
2619;1;4981;herbythyme
2620;1;967;sebastianhelm
2621;1;7871;rifleman_82
2622;0;7701;fastlizard4
2623;1;4071;gimmetrow
2624;0;6447;oo7565
2625;1;7879;emperor
2626;0;5643;beanojosh
2627;0;7881;tehbrandon
2628;1;7882;ioeth
2629;1;7890;geometry_guy
2630;0;6914;vantucky
2631;0;6596;nhrhs2010
2632;1;3752;teadrinker
2633;0;7899;the_sunder_king
2634;1;7908;a._b.
2635;0;7909;geoffr
2636;1;7912;dmacks
2637;0;7913;yatesy1988
2638;1;5933;random832
2639;1;3962;chase_me_ladies
2640;0;7921;matthew_yeager
2641;1;7927;canadian_paul
2642;0;7928;islaammaged126
2643;1;6414;coren
2644;0;5179;shalom
2645;1;7021;oxymoron83
2646;0;7924;hisspaceresearch
2647;0;7393;jonathan
2648;1;7012;acroterion
2649;1;7946;gaius_cornelius
2650;1;7910;orangemike
2651;1;7063;eliz81
2652;1;6032;spebi
2653;0;7952;daven200520
2654;1;5466;skierrmh
2655;1;7835;nikki311
2656;0;7957;mwiley202
2657;0;7961;kathryn_nicdhàna
2658;0;7874;derek.cashman
2659;1;7341;tbo_157
2660;0;6979;captain_panda
2661;1;7965;christhedude
2662;0;6422;blueboy96
2663;0;7973;pazan.ua
2664;1;5096;royalbroil
2665;1;4983;sb_johnny
2666;1;7979;do11.10
2667;0;7982;phil_mypeanus
2668;0;7397;ceres3
2669;0;7666;goodshoped35110s
2670;1;2658;dlohcierekim
2671;0;7986;metal_to_the_max!
2672;0;3297;sorryguy
2673;0;3770;silktork
2674;0;7991;richard_n
2675;1;1498;hbdragon88
2676;0;7992;thedemonhog
2677;0;7996;finale_wiki_geek
2678;0;7994;flaminglawyer
2679;0;7928;islaammaged126
2680;0;8002;malleus_fatuarum
2681;0;2223;scott5114
2682;0;8007;bobes66
2683;1;6044;satyrtn
2684;0;8015;alokprasad84
2685;0;5020;amarkov
2686;0;8019;nburden
2687;0;8021;castastone
2688;0;8024;hardcore_hak
2689;0;8025;dalekusa
2690;0;8026;styrofoam1994
2691;0;8028;xantheif_src
2692;0;8030;carguy454
2693;0;8033;padillah
2694;1;6946;useight
2695;1;8037;brianga
2696;0;8038;jftsang
2697;0;7691;businessman332211
2698;0;6759;chrishomingtang
2699;1;8042;nrdg
2700;0;8043;heidianddick
2701;1;8044;kaiser_matias
2702;1;5812;camaron1
2703;1;7860;rkitko
2704;0;8058;rallyinspired
2705;1;3293;kralizec!
2706;0;5210;the_transhumanist
2707;0;8068;hencetalk
2708;1;5819;snowolf
2709;1;8073;arnoldreinhold
2710;0;8076;fatmanonthehorse
2711;1;6918;xdanielx
2712;0;8079;o_keyes
2713;1;8083;keith_d
2714;1;6780;ruhrfisch
2715;0;8089;russell777
2716;0;8090;cjmiller
2717;1;5022;walton_one
2718;1;4037;elonka
2719;1;8121;slakr
2720;1;8122;michael_greiner
2721;1;8124;od_mishehu
2722;0;4507;billy
2723;1;8128;kurt_shaped_box
2724;0;8130;oliver3669
2725;0;8132;jetstar888
2726;0;7517;gatoclass
2727;1;5614;jerry
2728;1;8134;wassupwestcoast
2729;0;5887;michaelsanders
2730;0;8139;surplu
2731;0;8141;thumperward
2732;0;8148;theokaythrill
2733;0;5246;prestonh
2734;0;8149;danswiki
2735;0;5969;davnel03
2736;1;5605;versageek
2737;0;7620;cobi
2738;1;8163;tony_fox
2739;0;7574;gp75motorsports
2740;0;8165;wikitank
2741;1;6875;mattinbgn
2742;1;8168;masem
2743;0;8169;shaggy9872004
2744;1;8174;salix_alba
2745;0;8175;simba3000
2746;0;8178;sony-youth
2747;0;8186;king_Óðinn_the_aesir
2748;1;7391;jj137
2749;0;7928;islaammaged126
2750;0;5738;jhfireboy
2751;1;8192;primehunter
2752;0;8198;magioladitis
2753;0;5064;reaper_x
2754;1;7233;faithlessthewonderboy
2755;1;8209;revolving_bugbear
2756;1;8212;nick_dowling
2757;1;1982;e
2758;0;8204;cf38
2759;1;8051;alivefreehappy
2760;0;8217;iceberg2229
2761;1;8219;jon513
2762;0;8224;ibaranoff24
2763;0;8050;timmeh
2764;0;8225;whiteandnerdy111
2765;0;8226;dagadt
2766;0;8227;juliancolton
2767;1;4401;mitchazenia
2768;1;5378;djsasso
2769;0;8235;johnny_au
2770;1;8237;akeen
2771;0;7553;dihydrogen_monoxide
2772;1;4432;canley
2773;0;7050;mercury
2774;0;8246;footballfan190
2775;1;7810;aqwis
2776;0;8249;ohmpandya
2777;0;7791;viviofatefan
2778;1;6618;j-stan
2779;0;6634;tenpoundhammer
2780;1;6737;kbthompson
2781;1;7389;appraiser
2782;1;7238;archtransit
2783;0;8246;footballfan190
2784;0;7924;hisspaceresearch
2785;1;7833;jayron32
2786;1;4940;caulde
2787;0;8275;jordan_payne
2788;0;8276;mr_kc
2789;0;8277;seanmd80
2790;0;6924;dreamafter
2791;0;8271;cuyler91093
2792;0;8263;gromlakh
2793;0;6924;dreamafter
